studentId,semester,subjectCode,marksObtained,maxMarks
S001,1,CS101,77,100
S001,1,CS102,85,100
S001,1,MA101,84,100
S001,1,PH101,84,100
S001,1,EN101,81,100
S001,2,CS101,77,100
S001,2,CS102,76,100
S001,2,MA101,87,100
S001,2,PH101,75,100
S001,2,EN101,74,100
S001,3,CS101,73,100
S001,3,CS102,77,100
S001,3,MA101,78,100
S001,3,PH101,87,100
S001,3,EN101,71,100
S001,4,CS101,74,100
S001,4,CS102,81,100
S001,4,MA101,75,100
S001,4,PH101,82,100
S001,4,EN101,76,100
S002,1,CS101,50,100
S002,1,CS102,47,100
S002,1,MA101,45,100
S002,1,PH101,41,100
S002,1,EN101,43,100
S002,2,CS101,46,100
S002,2,CS102,39,100
S002,2,MA101,38,100
S002,2,PH101,48,100
S002,2,EN101,39,100
S002,3,CS101,46,100
S002,3,CS102,46,100
S002,3,MA101,43,100
S002,3,PH101,36,100
S002,3,EN101,49,100
S002,4,CS101,37,100
S002,4,CS102,46,100
S002,4,MA101,36,100
S002,4,PH101,43,100
S002,4,EN101,45,100
S003,1,CS101,75,100
S003,1,CS102,74,100
S003,1,MA101,80,100
S003,1,PH101,82,100
S003,1,EN101,75,100
S003,2,CS101,79,100
S003,2,CS102,75,100
S003,2,MA101,84,100
S003,2,PH101,80,100
S003,2,EN101,86,100
S003,3,CS101,82,100
S003,3,CS102,76,100
S003,3,MA101,82,100
S003,3,PH101,82,100
S003,3,EN101,77,100
S003,4,CS101,78,100
S003,4,CS102,72,100
S003,4,MA101,75,100
S003,4,PH101,77,100
S003,4,EN101,75,100
S004,1,CS101,74,100
S004,1,CS102,73,100
S004,1,MA101,76,100
S004,1,PH101,67,100
S004,1,EN101,73,100
S004,2,CS101,69,100
S004,2,CS102,78,100
S004,2,MA101,80,100
S004,2,PH101,76,100
S004,2,EN101,70,100
S004,3,CS101,76,100
S004,3,CS102,80,100
S004,3,MA101,76,100
S004,3,PH101,85,100
S004,3,EN101,82,100
S004,4,CS101,86,100
S004,4,CS102,76,100
S004,4,MA101,80,100
S004,4,PH101,76,100
S004,4,EN101,79,100
S005,1,CS101,80,100
S005,1,CS102,85,100
S005,1,MA101,84,100
S005,1,PH101,83,100
S005,1,EN101,79,100
S005,2,CS101,80,100
S005,2,CS102,92,100
S005,2,MA101,91,100
S005,2,PH101,78,100
S005,2,EN101,77,100
S005,3,CS101,83,100
S005,3,CS102,84,100
S005,3,MA101,85,100
S005,3,PH101,93,100
S005,3,EN101,82,100
S005,4,CS101,96,100
S005,4,CS102,96,100
S005,4,MA101,98,100
S005,4,PH101,100,100
S005,4,EN101,92,100
S006,1,CS101,75,100
S006,1,CS102,80,100
S006,1,MA101,82,100
S006,1,PH101,75,100
S006,1,EN101,81,100
S006,2,CS101,82,100
S006,2,CS102,74,100
S006,2,MA101,83,100
S006,2,PH101,69,100
S006,2,EN101,77,100
S006,3,CS101,82,100
S006,3,CS102,71,100
S006,3,MA101,82,100
S006,3,PH101,69,100
S006,3,EN101,75,100
S006,4,CS101,79,100
S006,4,CS102,69,100
S006,4,MA101,67,100
S006,4,PH101,74,100
S006,4,EN101,68,100
S007,1,CS101,71,100
S007,1,CS102,81,100
S007,1,MA101,86,100
S007,1,PH101,71,100
S007,1,EN101,74,100
S007,2,CS101,86,100
S007,2,CS102,84,100
S007,2,MA101,82,100
S007,2,PH101,76,100
S007,2,EN101,82,100
S007,3,CS101,81,100
S007,3,CS102,81,100
S007,3,MA101,94,100
S007,3,PH101,81,100
S007,3,EN101,83,100
S007,4,CS101,87,100
S007,4,CS102,98,100
S007,4,MA101,88,100
S007,4,PH101,91,100
S007,4,EN101,99,100
S008,1,CS101,81,100
S008,1,CS102,81,100
S008,1,MA101,84,100
S008,1,PH101,87,100
S008,1,EN101,86,100
S008,2,CS101,91,100
S008,2,CS102,93,100
S008,2,MA101,91,100
S008,2,PH101,80,100
S008,2,EN101,84,100
S008,3,CS101,86,100
S008,3,CS102,81,100
S008,3,MA101,89,100
S008,3,PH101,79,100
S008,3,EN101,86,100
S008,4,CS101,88,100
S008,4,CS102,81,100
S008,4,MA101,83,100
S008,4,PH101,82,100
S008,4,EN101,88,100
S009,1,CS101,51,100
S009,1,CS102,43,100
S009,1,MA101,57,100
S009,1,PH101,48,100
S009,1,EN101,49,100
S009,2,CS101,53,100
S009,2,CS102,44,100
S009,2,MA101,42,100
S009,2,PH101,53,100
S009,2,EN101,45,100
S009,3,CS101,50,100
S009,3,CS102,48,100
S009,3,MA101,41,100
S009,3,PH101,38,100
S009,3,EN101,38,100
S009,4,CS101,45,100
S009,4,CS102,43,100
S009,4,MA101,45,100
S009,4,PH101,45,100
S009,4,EN101,46,100
S010,1,CS101,41,100
S010,1,CS102,52,100
S010,1,MA101,50,100
S010,1,PH101,43,100
S010,1,EN101,47,100
S010,2,CS101,43,100
S010,2,CS102,43,100
S010,2,MA101,51,100
S010,2,PH101,41,100
S010,2,EN101,50,100
S010,3,CS101,39,100
S010,3,CS102,42,100
S010,3,MA101,48,100
S010,3,PH101,41,100
S010,3,EN101,36,100
S010,4,CS101,45,100
S010,4,CS102,34,100
S010,4,MA101,32,100
S010,4,PH101,31,100
S010,4,EN101,33,100
S011,1,CS101,65,100
S011,1,CS102,67,100
S011,1,MA101,67,100
S011,1,PH101,58,100
S011,1,EN101,64,100
S011,2,CS101,52,100
S011,2,CS102,56,100
S011,2,MA101,63,100
S011,2,PH101,51,100
S011,2,EN101,63,100
S011,3,CS101,58,100
S011,3,CS102,64,100
S011,3,MA101,59,100
S011,3,PH101,63,100
S011,3,EN101,65,100
S011,4,CS101,53,100
S011,4,CS102,55,100
S011,4,MA101,58,100
S011,4,PH101,55,100
S011,4,EN101,50,100
S012,1,CS101,75,100
S012,1,CS102,84,100
S012,1,MA101,75,100
S012,1,PH101,75,100
S012,1,EN101,89,100
S012,2,CS101,94,100
S012,2,CS102,94,100
S012,2,MA101,83,100
S012,2,PH101,79,100
S012,2,EN101,94,100
S012,3,CS101,84,100
S012,3,CS102,87,100
S012,3,MA101,84,100
S012,3,PH101,84,100
S012,3,EN101,89,100
S012,4,CS101,98,100
S012,4,CS102,89,100
S012,4,MA101,93,100
S012,4,PH101,87,100
S012,4,EN101,88,100
S013,1,CS101,79,100
S013,1,CS102,73,100
S013,1,MA101,71,100
S013,1,PH101,69,100
S013,1,EN101,73,100
S013,2,CS101,74,100
S013,2,CS102,75,100
S013,2,MA101,79,100
S013,2,PH101,71,100
S013,2,EN101,76,100
S013,3,CS101,85,100
S013,3,CS102,81,100
S013,3,MA101,73,100
S013,3,PH101,71,100
S013,3,EN101,85,100
S013,4,CS101,78,100
S013,4,CS102,77,100
S013,4,MA101,81,100
S013,4,PH101,91,100
S013,4,EN101,83,100
S014,1,CS101,47,100
S014,1,CS102,52,100
S014,1,MA101,56,100
S014,1,PH101,54,100
S014,1,EN101,50,100
S014,2,CS101,59,100
S014,2,CS102,54,100
S014,2,MA101,61,100
S014,2,PH101,45,100
S014,2,EN101,54,100
S014,3,CS101,48,100
S014,3,CS102,49,100
S014,3,MA101,53,100
S014,3,PH101,48,100
S014,3,EN101,48,100
S014,4,CS101,49,100
S014,4,CS102,53,100
S014,4,MA101,54,100
S014,4,PH101,51,100
S014,4,EN101,55,100
S015,1,CS101,66,100
S015,1,CS102,65,100
S015,1,MA101,58,100
S015,1,PH101,51,100
S015,1,EN101,52,100
S015,2,CS101,63,100
S015,2,CS102,58,100
S015,2,MA101,51,100
S015,2,PH101,50,100
S015,2,EN101,60,100
S015,3,CS101,54,100
S015,3,CS102,58,100
S015,3,MA101,55,100
S015,3,PH101,64,100
S015,3,EN101,63,100
S015,4,CS101,50,100
S015,4,CS102,53,100
S015,4,MA101,52,100
S015,4,PH101,54,100
S015,4,EN101,51,100
S016,1,CS101,64,100
S016,1,CS102,73,100
S016,1,MA101,64,100
S016,1,PH101,61,100
S016,1,EN101,69,100
S016,2,CS101,75,100
S016,2,CS102,65,100
S016,2,MA101,75,100
S016,2,PH101,70,100
S016,2,EN101,71,100
S016,3,CS101,71,100
S016,3,CS102,79,100
S016,3,MA101,81,100
S016,3,PH101,72,100
S016,3,EN101,75,100
S016,4,CS101,77,100
S016,4,CS102,77,100
S016,4,MA101,85,100
S016,4,PH101,72,100
S016,4,EN101,77,100
S017,1,CS101,65,100
S017,1,CS102,66,100
S017,1,MA101,63,100
S017,1,PH101,61,100
S017,1,EN101,70,100
S017,2,CS101,61,100
S017,2,CS102,75,100
S017,2,MA101,67,100
S017,2,PH101,66,100
S017,2,EN101,74,100
S017,3,CS101,73,100
S017,3,CS102,71,100
S017,3,MA101,69,100
S017,3,PH101,69,100
S017,3,EN101,62,100
S017,4,CS101,70,100
S017,4,CS102,76,100
S017,4,MA101,74,100
S017,4,PH101,72,100
S017,4,EN101,66,100
S018,1,CS101,70,100
S018,1,CS102,66,100
S018,1,MA101,64,100
S018,1,PH101,54,100
S018,1,EN101,57,100
S018,2,CS101,62,100
S018,2,CS102,59,100
S018,2,MA101,62,100
S018,2,PH101,55,100
S018,2,EN101,57,100
S018,3,CS101,67,100
S018,3,CS102,65,100
S018,3,MA101,64,100
S018,3,PH101,67,100
S018,3,EN101,70,100
S018,4,CS101,57,100
S018,4,CS102,66,100
S018,4,MA101,60,100
S018,4,PH101,62,100
S018,4,EN101,55,100
S019,1,CS101,80,100
S019,1,CS102,70,100
S019,1,MA101,75,100
S019,1,PH101,77,100
S019,1,EN101,66,100
S019,2,CS101,71,100
S019,2,CS102,71,100
S019,2,MA101,64,100
S019,2,PH101,70,100
S019,2,EN101,77,100
S019,3,CS101,67,100
S019,3,CS102,71,100
S019,3,MA101,68,100
S019,3,PH101,70,100
S019,3,EN101,67,100
S019,4,CS101,59,100
S019,4,CS102,61,100
S019,4,MA101,68,100
S019,4,PH101,67,100
S019,4,EN101,60,100
S020,1,CS101,85,100
S020,1,CS102,88,100
S020,1,MA101,76,100
S020,1,PH101,85,100
S020,1,EN101,85,100
S020,2,CS101,86,100
S020,2,CS102,93,100
S020,2,MA101,90,100
S020,2,PH101,94,100
S020,2,EN101,94,100
S020,3,CS101,98,100
S020,3,CS102,90,100
S020,3,MA101,100,100
S020,3,PH101,99,100
S020,3,EN101,89,100
S020,4,CS101,90,100
S020,4,CS102,97,100
S020,4,MA101,100,100
S020,4,PH101,98,100
S020,4,EN101,90,100
